timestamp,simple-path,time
2021-05-30 22:00:43.043,/master/welcome,9008
2021-05-30 22:00:49.433,/master/welcome,1336
2021-05-30 22:01:00.689,/master/welcome,628
2021-05-30 22:01:16.997,/master/welcome,2293
2021-05-30 22:01:22.784,/master/welcome,604
2021-05-30 22:01:29.275,/master/welcome,2311
2021-05-30 22:01:35.632,/master/welcome,4287
2021-05-30 22:01:42.138,/Acme-Planner/manager/task/list,3446
2021-05-30 22:02:22.547,/master/welcome,5277
2021-05-30 22:02:28.845,/master/welcome,1245
2021-05-30 22:02:37.056,/master/welcome,628
2021-05-30 22:02:40.346,/master/welcome,2245
2021-05-30 22:02:47.781,/manager/task/list,1161
2021-05-30 22:02:55.308,/manager/task/show,1160
2021-05-30 22:02:58.576,/manager/task/list,1177
2021-05-30 22:03:06.078,/master/welcome,2350
2021-05-30 22:03:15.406,/master/welcome,4266
2021-05-30 22:03:23.623,/master/welcome,628
2021-05-30 22:03:38.695,/master/welcome,2245
2021-05-30 22:03:48.159,/master/welcome,3258
2021-05-30 22:03:52.439,/master/welcome,1221
2021-05-30 22:04:04.62,/master/welcome,614
2021-05-30 22:04:23.4,/master/welcome,3240
2021-05-30 22:04:31.705,/master/welcome,3260
2021-05-30 22:04:39.927,/master/welcome,613
2021-05-30 22:05:01.697,/master/welcome,1242
2021-05-30 22:05:05.995,/master/welcome,3241
2021-05-30 22:05:16.174,/master/welcome,613
2021-05-30 22:05:38.945,/master/welcome,1247
2021-05-30 22:05:46.237,/master/welcome,5241
2021-05-30 22:05:56.383,/master/welcome,598
2021-05-30 22:06:26.315,/master/welcome,3363
2021-05-30 22:06:30.618,/master/welcome,1247
2021-05-30 22:06:39.811,/master/welcome,616
2021-05-30 22:06:56.967,/master/welcome,2306
2021-05-30 22:07:06.434,/master/welcome,5257
2021-05-30 22:07:11.733,/master/welcome,4236
2021-05-30 22:07:20.873,/master/welcome,615
2021-05-30 22:07:31.065,/manager/task/show,615
2021-05-30 22:07:39.955,/master/welcome,3263
2021-05-30 22:07:44.26,/master/welcome,2247
2021-05-30 22:07:53.421,/master/welcome,632
2021-05-30 22:08:05.563,/manager/task/show,599
2021-05-30 22:08:09.41,/master/welcome,2234
2021-05-30 22:08:18.703,/master/welcome,4240
2021-05-30 22:08:27.855,/master/welcome,613
2021-05-30 22:08:40.007,/manager/task/show,629
2021-05-30 22:08:44.865,/master/welcome,2262
2021-05-30 22:08:53.146,/master/welcome,5233
2021-05-30 22:09:03.253,/master/welcome,597
2021-05-30 22:09:15.408,/manager/task/show,598
2021-05-30 22:09:27.422,/master/welcome,3347
2021-05-30 22:09:30.7,/master/welcome,2231
2021-05-30 22:09:38.845,/master/welcome,614
2021-05-30 22:09:59.949,/master/welcome,2260
2021-05-30 22:10:06.397,/master/welcome,2260
2021-05-30 22:10:11.674,/master/welcome,4231
2021-05-30 22:10:21.859,/master/welcome,612
2021-05-30 22:10:37.466,/master/welcome,615
2021-05-30 22:10:45.774,/master/welcome,4249
2021-05-30 22:10:54.039,/master/welcome,5217
2021-05-30 22:11:04.188,/master/welcome,612
2021-05-30 22:11:14.789,/manager/task/create,612
2021-05-30 22:11:26.598,/master/welcome,5356
2021-05-30 22:11:31.943,/master/welcome,3288
2021-05-30 22:11:40.181,/master/welcome,626
2021-05-30 22:12:01.259,/master/welcome,5268
2021-05-30 22:12:03.032,/master/welcome,618
2021-05-30 22:12:12.409,/master/welcome,5260
2021-05-30 22:12:20.726,/master/welcome,3265
2021-05-30 22:12:28.867,/master/welcome,619
2021-05-30 22:12:35.272,/master/welcome,2342
2021-05-30 22:12:43.164,/manager/task/list,618
2021-05-30 22:12:48.136,/manager/task/show,619
2021-05-30 22:12:55.984,/manager/task/update,602
2021-05-30 22:13:05.375,/master/welcome,5276
2021-05-30 22:13:12.678,/master/welcome,3249
2021-05-30 22:13:25.84,/master/welcome,628
2021-05-30 22:13:28.158,/master/welcome,1266
2021-05-30 22:13:34.006,/manager/task/list,604
2021-05-30 22:13:39.974,/manager/task/show,620
2021-05-30 22:13:45.986,/manager/task/list,749
2021-05-30 22:14:10.082,/master/welcome,4401
2021-05-30 22:14:15.428,/master/welcome,3275
2021-05-30 22:14:26.66,/master/welcome,598
2021-05-30 22:14:44.885,/master/welcome,1260
2021-05-30 22:14:55.361,/master/welcome,3245
2021-05-30 22:15:01.658,/master/welcome,1244
2021-05-30 22:15:07.585,/anonymous/task/list,604
2021-05-30 22:15:29.434,/master/welcome,4262
2021-05-30 22:15:34.779,/master/welcome,1261
2021-05-30 22:15:43.123,/master/welcome,3270
2021-05-30 22:15:48.038,/anonymous/task/list,621
2021-05-30 22:16:12.749,/master/welcome,4240
2021-05-30 22:16:23.251,/master/welcome,3337
2021-05-30 22:16:29.566,/master/welcome,1258
2021-05-30 22:16:43.804,/master/welcome,615
2021-05-30 22:17:00.947,/master/welcome,5244
2021-05-30 22:17:08.409,/master/welcome,4236
2021-05-30 22:17:16.703,/master/welcome,5236
2021-05-30 22:17:23.598,/anonymous/shout/list,602
2021-05-30 22:17:41.045,/master/welcome,2259
2021-05-30 22:17:45.364,/master/welcome,1250
2021-05-30 22:17:50.675,/master/welcome,3252
2021-05-30 22:17:54.627,/anonymous/shout/list,621
2021-05-30 22:18:11.053,/master/welcome,2259
2021-05-30 22:18:20.757,/master/welcome,3318
2021-05-30 22:18:25.085,/master/welcome,2267
2021-05-30 22:18:34.391,/master/welcome,626
2021-05-30 22:18:51.596,/master/welcome,5252
2021-05-30 22:19:01.099,/master/welcome,4236
2021-05-30 22:19:07.426,/master/welcome,4262
2021-05-30 22:19:10.362,/anonymous/task/list,633
2021-05-30 22:19:20.393,/anonymous/task/show,618
2021-05-30 22:19:25.233,/master/welcome,3245
2021-05-30 22:19:38.973,/master/welcome,5333
2021-05-30 22:19:46.294,/master/welcome,4261
2021-05-30 22:19:58.588,/master/welcome,640
2021-05-30 22:20:16.811,/master/welcome,5251
2021-05-30 22:20:26.319,/master/welcome,4271
2021-05-30 22:20:29.602,/master/welcome,2230
2021-05-30 22:20:34.585,/anonymous/shout/create,614
2021-05-30 22:20:41.771,/master/welcome,622
2021-05-30 22:20:48.108,/master/welcome,2244
2021-05-30 22:20:53.386,/master/welcome,3223
2021-05-30 22:20:57.286,/anonymous/shout/create,604
2021-05-30 22:21:06.356,/anonymous/shout/create,615
2021-05-30 22:21:14.108,/master/welcome,1323
2021-05-30 22:21:18.406,/master/welcome,3242
2021-05-30 22:21:26.648,/master/welcome,628
2021-05-30 22:21:44.818,/master/welcome,1262
2021-05-30 22:21:50.259,/master/welcome,1241
2021-05-30 22:21:54.542,/master/welcome,1229
2021-05-30 22:22:04.81,/master/welcome,614
2021-05-30 22:22:18.476,/master/welcome,5249
2021-05-30 22:22:25.794,/master/welcome,5255
2021-05-30 22:22:39.047,/master/welcome,638
2021-05-30 22:22:53.419,/master/welcome,4248
2021-05-30 22:22:55.704,/master/welcome,1224
2021-05-30 22:23:03.287,/master/welcome,2231
2021-05-30 22:23:09.57,/master/welcome,3234
2021-05-30 22:23:12.894,/master/welcome,1262
2021-05-30 22:23:30.656,/master/welcome,616
2021-05-30 22:23:36.974,/master/welcome,4265
2021-05-30 22:23:50.163,/master/welcome,628
2021-05-30 22:23:53.734,/master/welcome,2244
2021-05-30 22:23:56.006,/master/welcome,1215
2021-05-30 22:24:05.332,/master/welcome,4264
2021-05-30 22:24:17.554,/master/welcome,641
2021-05-30 22:24:27.348,/master/welcome,5348
2021-05-30 22:24:33.676,/master/welcome,2268
2021-05-30 22:24:45.969,/master/welcome,639
2021-05-30 22:25:06.167,/master/welcome,5253
2021-05-30 22:25:47.968,/master/welcome,5363
2021-05-30 22:25:54.277,/master/welcome,5248
2021-05-30 22:26:03.581,/master/welcome,626
2021-05-30 22:26:17.835,/master/welcome,3279
2021-05-30 22:26:26.279,/master/welcome,3225
2021-05-30 22:26:33.59,/master/welcome,2252
2021-05-30 22:26:45.831,/master/sign-in,612
2021-05-30 22:27:25.124,/master/welcome,1386
2021-05-30 22:27:35.428,/master/welcome,5249
2021-05-30 22:27:45.658,/master/welcome,629
2021-05-30 22:28:01.869,/master/welcome,2259
2021-05-30 22:28:08.329,/master/welcome,2241
2021-05-30 22:28:15.641,/master/welcome,4246
2021-05-30 22:28:24.873,/master/sign-in,613
2021-05-30 22:29:05.638,/master/welcome,4351
2021-05-30 22:29:09.952,/master/welcome,2252
2021-05-30 22:29:19.186,/master/welcome,615
2021-05-30 22:29:35.399,/master/welcome,1274
2021-05-30 22:29:43.876,/master/welcome,4249
2021-05-30 22:29:52.227,/master/welcome,3278
2021-05-30 22:30:13.005,/master/welcome,614
2021-05-30 22:30:20.307,/master/welcome,5243
2021-05-30 22:30:28.561,/master/welcome,629
2021-05-30 22:30:33.892,/master/welcome,2223
2021-05-30 22:30:40.309,/master/welcome,4236
2021-05-30 22:30:45.642,/master/welcome,1274
2021-05-30 22:31:01.376,/master/welcome,629
2021-05-30 22:31:07.693,/master/welcome,3251
2021-05-30 22:31:18.942,/master/welcome,629
2021-05-30 22:31:22.248,/master/welcome,2233
2021-05-30 22:31:26.697,/master/welcome,2256
2021-05-30 22:31:31.996,/master/welcome,3240
2021-05-30 22:31:46.767,/master/welcome,624
2021-05-30 22:31:55.124,/master/welcome,5276
2021-05-30 22:32:03.367,/master/welcome,616
2021-05-30 22:32:12.715,/master/welcome,4239
2021-05-30 22:32:20.149,/master/welcome,2230
2021-05-30 22:32:27.482,/master/welcome,5283
2021-05-30 22:32:43.272,/master/welcome,616
2021-05-30 22:32:49.588,/master/welcome,3270
2021-05-30 22:32:57.838,/master/welcome,638
2021-05-30 22:33:04.148,/master/welcome,1229
2021-05-30 22:33:15.594,/master/welcome,5233
2021-05-30 22:33:21.892,/master/welcome,3241
2021-05-30 22:33:39.656,/master/welcome,615
2021-05-30 22:33:41.946,/master/welcome,1244
2021-05-30 22:33:53.157,/master/welcome,625
2021-05-30 22:33:57.474,/master/welcome,3228
2021-05-30 22:34:03.94,/master/welcome,3249
2021-05-30 22:34:11.245,/master/welcome,3249
2021-05-30 22:34:28.039,/master/welcome,611
2021-05-30 22:34:33.344,/master/welcome,1245
2021-05-30 22:34:46.579,/master/welcome,626
2021-05-30 22:34:55.9,/master/welcome,4239
2021-05-30 22:35:02.314,/master/welcome,4247
2021-05-30 22:35:08.593,/master/welcome,5231
2021-05-30 22:35:23.297,/master/welcome,603
2021-05-30 22:35:26.586,/master/welcome,1231
2021-05-30 22:35:35.81,/master/welcome,622
2021-05-30 22:35:43.139,/master/welcome,4230
2021-05-30 22:35:51.592,/master/welcome,4237
2021-05-30 22:35:57.94,/master/welcome,3275
2021-05-30 22:36:13.688,/master/welcome,615
2021-05-30 22:36:17.982,/master/welcome,1241
2021-05-30 22:36:26.174,/master/welcome,601
2021-05-30 22:36:32.515,/master/welcome,4243
2021-05-30 22:36:39.001,/master/welcome,2249
2021-05-30 22:36:43.314,/master/welcome,3242
2021-05-30 22:37:02.023,/master/welcome,620
2021-05-30 22:37:10.353,/master/welcome,4252
2021-05-30 22:37:20.57,/master/welcome,619
2021-05-30 22:37:28.9,/master/welcome,4244
2021-05-30 22:37:37.34,/master/welcome,1229
2021-05-30 22:37:43.652,/master/welcome,2254
2021-05-30 22:38:02.439,/master/welcome,638
2021-05-30 22:38:08.746,/master/welcome,3257
2021-05-30 22:38:22.0,/master/welcome,613
2021-05-30 22:38:28.333,/master/welcome,4239
2021-05-30 22:38:32.823,/master/welcome,1257
2021-05-30 22:38:43.151,/master/welcome,5272
2021-05-30 22:38:56.86,/master/welcome,615
2021-05-30 22:39:01.136,/master/welcome,2226
2021-05-30 22:39:09.342,/master/welcome,613
2021-05-30 22:39:19.638,/master/welcome,5211
2021-05-30 22:39:27.106,/master/welcome,1228
2021-05-30 22:39:34.424,/master/welcome,4251
2021-05-30 22:39:52.234,/master/welcome,613
2021-05-30 22:39:54.528,/master/welcome,1231
2021-05-30 22:40:05.781,/master/welcome,615
2021-05-30 22:40:08.083,/master/welcome,1219
